BeaconID,Fullmessage,Latitude(Degrees),Longitude(Degrees),Altitude(m),Frequency(MHz),RepRate(sec),StartTime(sec),Name
3ADEA2223F81FE0,FFFED09D6F51110618366FE6AB34B92D5273,24.430961,54.448097,5,43000,50,3,AbuDhabi
3EFC000002FFBFF,FFFE2F9F7E0000017FDFFE762D3483E0FCCA,-29.0465,115.3425,281,50000,50,30,Mingenew
47DFFFFC3F81FE0,FFFED0A3EFFFFE05306AAB70D0B68327F33C,20.800803,106.710344,50,34000,50,38,Haiphong
53FFFFFF3F81FE0,FFFED0A9FFFFFF818C01310E56F68F5BF355,6.20751702,1.2232215,89.5,52000,150,28,Lome
998349EA630F100,FFFED0CCC1A4F531878803E1870E5A3EC326,36.99658,-25.13622,348.866,34000,50,31,SantaMaria/EU
9A2299AE630F010,FFFED0CD114CD731878084E7974E5A5EC899,34.86539,33.38375,322.845,34000,50,54,Larnaca/EU
9A2299AE92EA730,FFFED0CD114CD749753983904E0E5A5EC899,34.86539,33.38375,322.845,52000,150,8,Larnaca-Cal/EU
9C027D2D630F0A0,FFFED0CE013E96B18785040BA88E5A4EC14F,27.76151,-15.63427,180.561,34000,50,43,Maspalomas/EU
9C027D2D92EA730,FFFED0CE013E96C9753985E52CCE5A4EC14F,27.76151,-15.63427,180.561,52000,150,8,Maspalomas-Cal/EU
9C6000000000001,FFFE2FCE3000000000000DBD0E0000000000,43.5605,1.4808,214.27,22000,30,0,Toulouse1
9C621A74630F1D0,FFFED0CE310D3A31878E85A4E00E5A1EC5B3,43.56037,1.48026,209.358,34000,50,7,Toulouse/EU
9C821A7492EA500,FFFED0CE410D3A4975280088A54E5A1EC5B3,43.548502,1.3941492,155,52000,150,48,Toulouse3
9C821A7492EA730,FFFED0CE410D3A497539805A100E5A1EC5B3,43.5605,1.4808,214.27,34000,150,9,Toulouse2
A0434CEB630F190,FFFED0D021A675B1878C80CA3BCE5A2ECAF0,78.23074,15.37046,486.731,34000,50,19,Spitsbergen/EU
A0434CEB92EA730,FFFED0D021A675C9753982E96D0E5A2ECAF0,78.23074,15.37046,486.731,52000,150,8,Spitsbergen-Cal/EU
A1E30D309B39240,FFFED0D0F186984D9C9207707DCF6B2FD27F,40.14065278,32.990306,936,46000,50,35,Ankara
A782E62AB2FC2A0,FFFE2FD3C17315597E15030B554CA0ED36B6,53.67493,-113.31485,661.4,52000,150,4,Riverbend
A782E62B8E3D300,FFFE2FD3C17315C71E98069B4F8CA06BA959,53.31342,-60.4671,56.08,52000,150,4,GooseBay
A79EEE26E32E190,FFFE2F53CF771371970C83600E4000000000,45.3291,-75.6745,120,21990,50,47,Ottawa
A79EEE26E32E1D0,FFFE2F53CF771371970E85941B4000000000,53.678667,-113.315,654,21843,50,37,Edmonton
A96348E6630F150,FFFED0D4B1A47331878A8787D00E5A6EC7DA,67.0007,-50.63104,205,34000,50,2,Sondrestromfjord/EU
AA5E00303030301,FFFED0552F00181818180FAF470000000000,21.52075,-157.9963,406,63000,50,10,Hawaii-2
AA5E05050505001,FFFED0552F02828282800E6C6A8000000000,21.52075,-157.9963,406,64000,50,20,Hawaii-3
AA5FC0000000001,FFFE2FD52FE0000000000D6BB6EFE0FF0146,21.52075,-157.9963,406,62000,50,0,Hawaii-1
ADDC00202020201,FFFE2FD6EE00101010100B390F2FE0FF0146,25.61622,-80.38422,10,52000,50,5,Florida-1
ADDC00404040401,FFFED056EE00202020200EDB2D4000000000,25.61622,-80.38422,10,66000,50,15,Florida-2
ADDC00606060601,FFFED056EE00303030300CD2AD8000000000,25.61622,-80.38422,10,67000,50,25,Florida-3
ADFC000001D0033,FFFED0D6FE000000E8019A0BC9E455788076,34.6625,-120.5515,19.34,52000,50,34,California
ADFFFFFFFFFFFFC,FFFED056FFFFFFFFFFFFE694960000000000,38.998929,-76.853811,76,52000,50,01,NASAGoddard
AE1C33333333333,FFFED0D70E19999999999D84ECA4196A14CD,32.888,-106.1037,1247.5,52000,50,32,SUSA
B5FE18FED639240,FFFED0DAFF0C7F6B1C92051FE924688BEDE3,35.238833,139.9195,5,34000,50,6,Futtsu
BBBED8E663E8E60,FFFED0DDDF6C7331F47305A20742C87229FE,22.276,114.146,535,49000,50,41,Hong-Kong
C01E6C7D9F47640,FFFE2FE00F363ECFA3B204FB0EEFE0FF0146,-38.51420634,176.489453,575,50000,50,0,Goudies
C6E33AFE618BB80,FFFED0E3719D7F30C5DC03D4AC8BA0567C25,13.71718,100.54339,36.8,52000,150,48,Bangkok-Cal
C7C25B6B618BB80,FFFE2FE3E12DB5B0C5DC024FD0C4A0574E56,20.800803,106.710344,50,52000,150,48,Haiphong-Cal
CF63EA66630F0C0,FFFED0E7B1F5333187860474C1CE5A8EC308,-49.34868,70.2197,267,34000,50,24,Kerguelen/EU
D282AC1D92EA730,FFFED0E941560EC9753986383C4E5A7ECE0C,-20.909178,55.514058,95,52000,150,12,Reunion-Cal-1/EU
D282AC3C630F1C0,FFFED0E941561E31878E04E3BC0E5A7ECE0C,-20.909178,55.514058,95,34000,50,46,Reunion/EU
D282AF1992EA730,FFFED0E941578CC975398405BF8E5A7ECE0C,-20.909178,55.514058,95,52000,150,12,Reunion-Cal-2/EU
D3E188635EEA730,FFFED0E9F0C431AF7539849D8EC107060C81,6.20751702,1.2232215,89.5,49000,150,12,LomeCal
D8DF3A99633AB80,FFFED06C6F9D4CB19D5C005AE80000000000,-8.13599139,-34.93067667,71,46000,50,14,Recife
D8DF3A9D633AB80,FFFED06C6F9D4EB19D5C05277CC000000000,-15.8571845,-47.90235619,1046.4,46000,50,15,Brazilia
DF029B27618BB80,FFFED0EF814D93B0C5DC0069CE41EA7606BE,-12.031097,-77.130035,21,49000,150,40,Lima
